INSERT INTO products (id, name, price0, detailed_info, keywords)  VALUES (1, 'Astaxin虾青素', 1499.99, '{"srcCountry":"SV","desc":"虾青素清除自由基的能力是维生素C的功效的6000倍；是维生素E的1000倍；是辅酶Q10的800倍；是一氧化氮的1800倍；是纳豆的3100倍；是花青素的700倍；是β-胡萝卜素功效的10倍；是lycopene（番茄红素）功效的1800倍；是carotol（叶黄素）功效的200倍；是teapolyphenols（茶多酚）功效的320倍。"}', '抗氧化剂,美白');
INSERT INTO products (id, name, price0, detailed_info, keywords)  VALUES (2, '瑞典ACO Gravid孕妇产妇复合维生素', 139.99, '{"srcCountry":"SV","desc":"含有12种维生素和10种矿物质。针对孕期和哺乳期女性对于营养的额外需求添加了如叶酸、铁、钙和维生素D在内的多种维生素和矿物质。含有重要的抗氧化功能的维生素C和E，能够防止DNA，蛋白质和脂肪的氧化变化。"}', '孕产妇,维生素,矿物质');
INSERT INTO products (id, name, price0, detailed_info, keywords)  VALUES (3, 'Pharbio Omega-3 Forte 70%高纯度深海鱼油', 9.99, '{"srcCountry":"SV","desc":"瑞典销量最好，品质最高的成人鱼油，也是世界上纯度最高的鱼油，是瑞典国家药房鱼油销量冠军。70%的Omega3 含量（DHA/EPA), 瑞典医生唯一推荐孕妇哺乳期间补充DHA/EPA的鱼油，含DHA有助于宝宝大脑、眼睛等器官的发育。Pharbio产品完全按照欧洲严格的药品标准生产，高纯度源自先进的生产工艺，去除了鱼油本身含有的大部分饱和脂肪酸。在普通天然鱼油中，大约含有20-25%的不需要的饱和脂肪酸，而Pharbio Omega-3 Forte胶囊只含有5%不需要的饱和脂肪酸。将对人体有害的饱和脂肪酸尽量剔除并提纯（世界上没有任何一款鱼油是可以完全剔除饱和脂肪酸的），从营养学角度认为非重要的脂肪酸性物质以及可能存在的环境毒素和重金属也被尽量剔除，确保是健康有效的鱼油，纯度世界第一高！"}', '鱼油,Omega-3');
INSERT INTO products (id, name, price0, detailed_info, keywords)  VALUES (4, 'LIFE Q10 100mg 辅酶', 149.99, '{"srcCountry":"US","desc":"每粒Life Q10包含30毫克辅酶Q10，也叫作辅酶q，它是一种脂溶性的类似维生素的物质。Q10的主要功能是在细胞线粒体能量（三磷酸腺苷）合成时充当辅酶。所有的细胞都是靠三磷酸腺苷才能进行各种活动流程，因此辅酶对身体所有的细胞而言都是至关重要的，如此一来，辅酶对所有组织和器官的重要性也就不言而喻了。"}', '辅酶Q10');

INSERT INTO med_profs (prof_id, name, idcard_no, mobile, org_agent_id, pass_hash)  VALUES ('mp＿prof1','李卫东','3302030222313322','13792929133','amp＿agent1',X'3c9909afec25354d551dae21590bb26e38d53f2173b8d3dc3eee4c047e7ab1c1eb8b85103e3be7ba613b31bb5c9c36214dc9f14a42fd7a2fdb84856bca5c44c2');
INSERT INTO med_profs (prof_id, name, idcard_no, mobile, org_agent_id, pass_hash)  VALUES ('mp＿prof2','张鑫','33020555555555555','1375555555','amp＿agent1',X'f6b07b6c1340e947b861def5f8b092d8ee710826dc56bd175bdc8f3a16b0b8acf853c64786a710dedf9d1524d61e32504e27d60de159af110bc3941490731578');
INSERT INTO med_profs (prof_id, name, idcard_no, mobile, org_agent_id, pass_hash)  VALUES ('mp＿prof3','陈伟达','3302036666666666','1376666666','amp＿agent2',X'e32ef19623e8ed9d267f657a81944b3d07adbb768518068e88435745564e8d4150a0a703be2a7d88b61e3d390c2bb97e2d4c311fdc69d6b1267f05f59aa920e7');

INSERT INTO customers (uid, name, idcard_no, mobile, postal_addr, bday, ref_uid, pass_hash)  VALUES ('c＿customer1','张晓东','3102030222313322','13892929133','邮寄地址1','1983-02-05','mp＿prof1',X'3c9909afec25354d551dae21590bb26e38d53f2173b8d3dc3eee4c047e7ab1c1eb8b85103e3be7ba613b31bb5c9c36214dc9f14a42fd7a2fdb84856bca5c44c2');
INSERT INTO customers (uid, name, idcard_no, mobile, postal_addr, bday, ref_uid, pass_hash)  VALUES ('c＿customer2','张晓','31020555555555555','1385555555','邮寄地址2','1983-02-05','mp＿prof1',X'f6b07b6c1340e947b861def5f8b092d8ee710826dc56bd175bdc8f3a16b0b8acf853c64786a710dedf9d1524d61e32504e27d60de159af110bc3941490731578');
INSERT INTO customers (uid, name, idcard_no, mobile, postal_addr, bday, ref_uid, pass_hash)  VALUES ('c＿customer3','晓东','3102036666666666','1386666666','邮寄地址3','1983-12-03','mp＿prof1',X'e32ef19623e8ed9d267f657a81944b3d07adbb768518068e88435745564e8d4150a0a703be2a7d88b61e3d390c2bb97e2d4c311fdc69d6b1267f05f59aa920e7');
INSERT INTO customers (uid, name, idcard_no, mobile, postal_addr, bday, ref_uid, pass_hash)  VALUES ('c＿customer4','王丽','3102033333333333','13833333333','邮寄地址4','1983-12-03','mp＿prof2',X'79681fe463f8f34fda5d8bebb59e61b6099c031cf2aa251116cd4bedbec59430f82a02868807315f66a75e408f4f106f65394dfa792413620f9f79ce3a2baef6');
INSERT INTO customers (uid, name, idcard_no, mobile, postal_addr, bday, ref_uid, pass_hash)  VALUES ('c＿customer5','王丽丽','3102033333333334','13833333334','邮寄地址5','1983-12-04','mp＿prof3',X'79681fe463f8f34fda5d8bebb59e61b6099c031cf2aa251116cd4bedbec59430f82a02868807315f66a75e408f4f106f65394dfa792413620f9f79ce3a2baef6');

INSERT INTO orders (id, customer_id, product_id, qty, actual_cost, creation_time, pay_time, proc_time1, proc_time2, proc_time3)  VALUES (1,'c＿customer2',1,2.0,2499.99,'2018-10-02 19:30:44',NULL,NULL,NULL,NULL);
INSERT INTO org_agent_order_stats (org_agent_id, prof_id, order_id, product_id, qty, actual_cost, creation_time, status)  VALUES ('amp＿agent1','mp＿prof1',1,1,2.0,2499.99,'2018-10-02 19:30:44',1);
INSERT INTO orders (id, customer_id, product_id, qty, actual_cost, creation_time, pay_time, proc_time1, proc_time2, proc_time3)  VALUES (2,'c＿customer2',1,2.0,2499.99,'2018-10-12 19:30:44','2019-03-02 19:35:44',NULL,NULL,NULL);
INSERT INTO org_agent_order_stats (org_agent_id, prof_id, order_id, product_id, qty, actual_cost, creation_time, status)  VALUES ('amp＿agent1','mp＿prof1',2,1,2.0,2499.99,'2018-10-12 19:30:44',2);
INSERT INTO orders (id, customer_id, product_id, qty, actual_cost, creation_time, pay_time, proc_time1, proc_time2, proc_time3)  VALUES (3,'c＿customer2',1,2.0,2499.99,'2018-10-22 19:30:44','2019-03-02 19:35:44',NULL,NULL,NULL);
INSERT INTO org_agent_order_stats (org_agent_id, prof_id, order_id, product_id, qty, actual_cost, creation_time, status)  VALUES ('amp＿agent1','mp＿prof1',3,1,2.0,2499.99,'2018-10-22 19:30:44',2);
INSERT INTO orders (id, customer_id, product_id, qty, actual_cost, creation_time, pay_time, proc_time1, proc_time2, proc_time3)  VALUES (4,'c＿customer2',1,2.0,2499.99,'2018-10-23 19:30:44','2019-03-02 19:35:44',NULL,NULL,NULL);
INSERT INTO org_agent_order_stats (org_agent_id, prof_id, order_id, product_id, qty, actual_cost, creation_time, status)  VALUES ('amp＿agent1','mp＿prof1',4,1,2.0,2499.99,'2018-10-23 19:30:44',2);
INSERT INTO orders (id, customer_id, product_id, qty, actual_cost, creation_time, pay_time, proc_time1, proc_time2, proc_time3)  VALUES (5,'c＿customer2',1,2.0,2499.99,'2018-11-02 19:30:44','2019-03-02 19:35:44',NULL,NULL,NULL);
INSERT INTO org_agent_order_stats (org_agent_id, prof_id, order_id, product_id, qty, actual_cost, creation_time, status)  VALUES ('amp＿agent1','mp＿prof1',5,1,2.0,2499.99,'2018-11-02 19:30:44',2);
INSERT INTO orders (id, customer_id, product_id, qty, actual_cost, creation_time, pay_time, proc_time1, proc_time2, proc_time3)  VALUES (6,'c＿customer2',1,2.0,2499.99,'2018-11-12 19:30:44','2019-03-02 19:35:44',NULL,NULL,NULL);
INSERT INTO org_agent_order_stats (org_agent_id, prof_id, order_id, product_id, qty, actual_cost, creation_time, status)  VALUES ('amp＿agent1','mp＿prof1',6,1,2.0,2499.99,'2018-11-12 19:30:44',2);
INSERT INTO orders (id, customer_id, product_id, qty, actual_cost, creation_time, pay_time, proc_time1, proc_time2, proc_time3)  VALUES (7,'c＿customer2',1,2.0,2499.99,'2019-01-02 19:30:44','2019-03-02 19:35:44',NULL,NULL,NULL);
INSERT INTO org_agent_order_stats (org_agent_id, prof_id, order_id, product_id, qty, actual_cost, creation_time, status)  VALUES ('amp＿agent1','mp＿prof1',7,1,2.0,2499.99,'2019-01-02 19:30:44',2);
INSERT INTO orders (id, customer_id, product_id, qty, actual_cost, creation_time, pay_time, proc_time1, proc_time2, proc_time3)  VALUES (8,'c＿customer2',1,2.0,2499.99,'2019-01-03 19:30:44','2019-03-02 19:35:44',NULL,NULL,NULL);
INSERT INTO org_agent_order_stats (org_agent_id, prof_id, order_id, product_id, qty, actual_cost, creation_time, status)  VALUES ('amp＿agent1','mp＿prof1',8,1,2.0,2499.99,'2019-01-03 19:30:44',2);
INSERT INTO orders (id, customer_id, product_id, qty, actual_cost, creation_time, pay_time, proc_time1, proc_time2, proc_time3)  VALUES (9,'c＿customer2',1,2.0,2499.99,'2019-01-04 19:30:44','2019-03-02 19:35:44',NULL,NULL,NULL);
INSERT INTO org_agent_order_stats (org_agent_id, prof_id, order_id, product_id, qty, actual_cost, creation_time, status)  VALUES ('amp＿agent1','mp＿prof1',9,1,2.0,2499.99,'2019-01-04 19:30:44',2);
INSERT INTO orders (id, customer_id, product_id, qty, actual_cost, creation_time, pay_time, proc_time1, proc_time2, proc_time3)  VALUES (10,'c＿customer3',1,1.0,1499.99,'2019-02-11 19:30:44',NULL,NULL,NULL,NULL);
INSERT INTO org_agent_order_stats (org_agent_id, prof_id, order_id, product_id, qty, actual_cost, creation_time, status)  VALUES ('amp＿agent1','mp＿prof1',10,1,1.0,1499.99,'2019-02-11 19:30:44',1);
INSERT INTO orders (id, customer_id, product_id, qty, actual_cost, creation_time, pay_time, proc_time1, proc_time2, proc_time3)  VALUES (11,'c＿customer1',2,3.0,399.99,'2019-02-12 19:30:44','2019-02-12 19:35:44',NULL,NULL,NULL);
INSERT INTO org_agent_order_stats (org_agent_id, prof_id, order_id, product_id, qty, actual_cost, creation_time, status)  VALUES ('amp＿agent1','mp＿prof1',11,2,3.0,399.99,'2019-02-12 19:30:44',2);
INSERT INTO orders (id, customer_id, product_id, qty, actual_cost, creation_time, pay_time, proc_time1, proc_time2, proc_time3)  VALUES (12,'c＿customer1',3,2.0,19.99,'2019-03-11 19:30:44','2019-03-11 19:35:44',NULL,NULL,NULL);
INSERT INTO org_agent_order_stats (org_agent_id, prof_id, order_id, product_id, qty, actual_cost, creation_time, status)  VALUES ('amp＿agent1','mp＿prof1',12,3,2.0,19.99,'2019-03-11 19:30:44',2);
INSERT INTO orders (id, customer_id, product_id, qty, actual_cost, creation_time, pay_time, proc_time1, proc_time2, proc_time3)  VALUES (13,'c＿customer1',3,2.0,19.99,'2019-03-11 20:30:44','2019-03-11 19:35:44',NULL,NULL,NULL);
INSERT INTO org_agent_order_stats (org_agent_id, prof_id, order_id, product_id, qty, actual_cost, creation_time, status)  VALUES ('amp＿agent1','mp＿prof1',13,3,2.0,19.99,'2019-03-11 20:30:44',2);
INSERT INTO orders (id, customer_id, product_id, qty, actual_cost, creation_time, pay_time, proc_time1, proc_time2, proc_time3)  VALUES (14,'c＿customer1',3,4.0,29.99,'2019-03-12 19:20:44',NULL,NULL,NULL,NULL);
INSERT INTO org_agent_order_stats (org_agent_id, prof_id, order_id, product_id, qty, actual_cost, creation_time, status)  VALUES ('amp＿agent1','mp＿prof1',14,3,4.0,29.99,'2019-03-12 19:20:44',1);
INSERT INTO orders (id, customer_id, product_id, qty, actual_cost, creation_time, pay_time, proc_time1, proc_time2, proc_time3)  VALUES (15,'c＿customer1',3,4.0,29.99,'2019-03-12 19:30:44','2019-03-12 19:35:44',NULL,NULL,NULL);
INSERT INTO org_agent_order_stats (org_agent_id, prof_id, order_id, product_id, qty, actual_cost, creation_time, status)  VALUES ('amp＿agent1','mp＿prof1',15,3,4.0,29.99,'2019-03-12 19:30:44',2);
INSERT INTO orders (id, customer_id, product_id, qty, actual_cost, creation_time, pay_time, proc_time1, proc_time2, proc_time3)  VALUES (16,'c＿customer2',3,10.0,79.99,'2019-03-12 19:30:44','2019-03-12 19:35:44',NULL,NULL,NULL);
INSERT INTO org_agent_order_stats (org_agent_id, prof_id, order_id, product_id, qty, actual_cost, creation_time, status)  VALUES ('amp＿agent1','mp＿prof1',16,3,10.0,79.99,'2019-03-12 19:30:44',2);
INSERT INTO orders (id, customer_id, product_id, qty, actual_cost, creation_time, pay_time, proc_time1, proc_time2, proc_time3)  VALUES (17,'c＿customer2',1,2.0,2499.99,'2019-03-02 19:30:44','2019-03-02 19:35:44',NULL,NULL,NULL);
INSERT INTO org_agent_order_stats (org_agent_id, prof_id, order_id, product_id, qty, actual_cost, creation_time, status)  VALUES ('amp＿agent1','mp＿prof1',17,1,2.0,2499.99,'2019-03-02 19:30:44',2);
INSERT INTO orders (id, customer_id, product_id, qty, actual_cost, creation_time, pay_time, proc_time1, proc_time2, proc_time3)  VALUES (18,'c＿customer5',3,1.0,4.99,'2019-03-11 19:30:44',NULL,NULL,NULL,NULL);
INSERT INTO org_agent_order_stats (org_agent_id, prof_id, order_id, product_id, qty, actual_cost, creation_time, status)  VALUES ('amp＿agent2','mp＿prof3',18,3,1.0,4.99,'2019-03-11 19:30:44',1);
INSERT INTO orders (id, customer_id, product_id, qty, actual_cost, creation_time, pay_time, proc_time1, proc_time2, proc_time3)  VALUES (19,'c＿customer4',1,10.0,9999.99,'2019-02-11 19:30:44',NULL,NULL,NULL,NULL);
INSERT INTO org_agent_order_stats (org_agent_id, prof_id, order_id, product_id, qty, actual_cost, creation_time, status)  VALUES ('amp＿agent1','mp＿prof2',19,1,10.0,9999.99,'2019-02-11 19:30:44',1);

INSERT INTO price_plans (id, info, defi, vtag)  VALUES ('Fixed-0.8','Fixed Rate 80%','{"globalRate":0.8}','FixedRate');
INSERT INTO price_plans (id, info, defi, vtag)  VALUES ('Fixed-0.9','Fixed Rate 90%','{"globalRate":0.9}','FixedRate');
INSERT INTO price_plans (id, info, defi, vtag)  VALUES ('ProdBased-Basic','Producted Based Basic, range: 80% - 90%','{"globalRate":0.9,"prodRates":{"1":0.8,"2":0.85}}','ProductBasedRates');
INSERT INTO price_plans (id, info, defi, vtag)  VALUES ('ProdBased-Advanced','Producted Based Advanced, range: 75% - 85%','{"globalRate":0.85,"prodRates":{"1":0.8,"2":0.75}}','ProductBasedRates');

INSERT INTO price_plan_map (uid, plan_ids, start_time)  VALUES ('mp＿prof1','Fixed-0.9','2019-03-25T09:23:34.934');
INSERT INTO price_plan_map (uid, plan_ids, start_time)  VALUES ('mp＿prof1','Fixed-0.8','2019-04-01T09:23:34.992');
INSERT INTO price_plan_map (uid, plan_ids, start_time)  VALUES ('mp＿prof2','ProdBased-Basic,Fixed-0.9','2019-04-01T09:23:34.993');
INSERT INTO price_plan_map (uid, plan_ids, start_time)  VALUES ('c＿customer1','ProdBased-Advanced','2019-04-01T09:23:34.993');

INSERT INTO reward_plans (id, info, defi, vtag)  VALUES ('Fixed-0.01','Fixed Rate 1%','{"globalRate":0.01}','FixedRate');
INSERT INTO reward_plans (id, info, defi, vtag)  VALUES ('Fixed-0.02','Fixed Rate 2%','{"globalRate":0.02}','FixedRate');
INSERT INTO reward_plans (id, info, defi, vtag)  VALUES ('Fixed-0.20','Fixed Rate 20%','{"globalRate":0.2}','FixedRate');
INSERT INTO reward_plans (id, info, defi, vtag)  VALUES ('Fixed-1.5','Fixed Rate x 1.5, used only in combination with other plans','{"globalRate":1.5}','FixedRate');
INSERT INTO reward_plans (id, info, defi, vtag)  VALUES ('ProdBased-Basic','Producted Based Basic, range: 1% - 3%','{"globalRate":0.01,"prodRates":{"1":0.02,"2":0.03}}','ProductBasedRates');
INSERT INTO reward_plans (id, info, defi, vtag)  VALUES ('ProdBased-Advanced','Producted Based Advanced, range: 2% - 5%','{"globalRate":0.02,"prodRates":{"1":0.03,"2":0.05}}','ProductBasedRates');

INSERT INTO reward_plan_map (uid, plan_ids, start_time)  VALUES ('amp＿agent1','Fixed-0.20','2019-04-01T09:25:08.988');
INSERT INTO reward_plan_map (uid, plan_ids, start_time)  VALUES ('amp＿agent2','Fixed-0.20','2019-04-01T09:25:09.047');
INSERT INTO reward_plan_map (uid, plan_ids, start_time)  VALUES ('mp＿prof1','Fixed-0.01','2019-03-25T09:25:09.048');
INSERT INTO reward_plan_map (uid, plan_ids, start_time)  VALUES ('mp＿prof1','Fixed-0.02','2019-04-01T09:25:09.048');
INSERT INTO reward_plan_map (uid, plan_ids, start_time)  VALUES ('mp＿prof2','ProdBased-Basic,Fixed-1.5','2019-04-01T09:25:09.048');
INSERT INTO reward_plan_map (uid, plan_ids, start_time)  VALUES ('c＿customer1','ProdBased-Advanced','2019-04-01T09:25:09.049');

INSERT INTO prof_org_agents (agent_id, org_id, name, info, phone, join_date, pass_hash)  VALUES ('amp＿agent1','omp＿org1','医药公司业务员1','医药公司业务员1 info','13792929133','2018-03-04T16:00:28.179',X'3c9909afec25354d551dae21590bb26e38d53f2173b8d3dc3eee4c047e7ab1c1eb8b85103e3be7ba613b31bb5c9c36214dc9f14a42fd7a2fdb84856bca5c44c2');
INSERT INTO prof_org_agents (agent_id, org_id, name, info, phone, join_date, pass_hash)  VALUES ('amp＿agent2','omp＿org2','医药公司业务员2','医药公司业务员2 info','1375555555','2019-08-04T16:00:28.179',X'f6b07b6c1340e947b861def5f8b092d8ee710826dc56bd175bdc8f3a16b0b8acf853c64786a710dedf9d1524d61e32504e27d60de159af110bc3941490731578');

INSERT INTO med_prof_orgs (org_id, name, info, phone, join_date, pass_hash)  VALUES ('omp＿org1','医药公司1','医药公司1 info','13792929133','2018-03-04T16:00:28.179',X'3c9909afec25354d551dae21590bb26e38d53f2173b8d3dc3eee4c047e7ab1c1eb8b85103e3be7ba613b31bb5c9c36214dc9f14a42fd7a2fdb84856bca5c44c2');
INSERT INTO med_prof_orgs (org_id, name, info, phone, join_date, pass_hash)  VALUES ('omp＿org2','医药公司2','医药公司2 info','1375555555','2019-08-04T16:00:28.179',X'f6b07b6c1340e947b861def5f8b092d8ee710826dc56bd175bdc8f3a16b0b8acf853c64786a710dedf9d1524d61e32504e27d60de159af110bc3941490731578');




INSERT INTO med_profs (prof_id, name, idcard_no, mobile, org_agent_id, pass_hash)  VALUES ('mp＿o1a1_prof1','朱卫东','3302030222313322111','13792929133111','amp＿o1_agent1',X'3c9909afec25354d551dae21590bb26e38d53f2173b8d3dc3eee4c047e7ab1c1eb8b85103e3be7ba613b31bb5c9c36214dc9f14a42fd7a2fdb84856bca5c44c2');
INSERT INTO customers (uid, name, idcard_no, mobile, postal_addr, bday, ref_uid, pass_hash)  VALUES ('c＿o1a1p1_customer1','张晓东','31020302223133221110','138929291331110','邮寄地址11110','1983-02-05','mp＿o1a1_prof1',X'3c9909afec25354d551dae21590bb26e38d53f2173b8d3dc3eee4c047e7ab1c1eb8b85103e3be7ba613b31bb5c9c36214dc9f14a42fd7a2fdb84856bca5c44c2');
INSERT INTO customers (uid, name, idcard_no, mobile, postal_addr, bday, ref_uid, pass_hash)  VALUES ('c＿o1a1p1_customer2','张晓','310205555555555551111','13855555551111','邮寄地址21111','1983-02-05','mp＿o1a1_prof1',X'f6b07b6c1340e947b861def5f8b092d8ee710826dc56bd175bdc8f3a16b0b8acf853c64786a710dedf9d1524d61e32504e27d60de159af110bc3941490731578');
INSERT INTO customers (uid, name, idcard_no, mobile, postal_addr, bday, ref_uid, pass_hash)  VALUES ('c＿o1a1p1_customer3','张东','31020366666666661112','13866666661112','邮寄地址31112','1983-12-03','mp＿o1a1_prof1',X'e32ef19623e8ed9d267f657a81944b3d07adbb768518068e88435745564e8d4150a0a703be2a7d88b61e3d390c2bb97e2d4c311fdc69d6b1267f05f59aa920e7');
INSERT INTO customers (uid, name, idcard_no, mobile, postal_addr, bday, ref_uid, pass_hash)  VALUES ('c＿o1a1p1_customer4','张丽','31020333333333331113','138333333331113','邮寄地址41113','1983-12-03','mp＿o1a1_prof1',X'79681fe463f8f34fda5d8bebb59e61b6099c031cf2aa251116cd4bedbec59430f82a02868807315f66a75e408f4f106f65394dfa792413620f9f79ce3a2baef6');
INSERT INTO customers (uid, name, idcard_no, mobile, postal_addr, bday, ref_uid, pass_hash)  VALUES ('c＿o1a1p1_customer5','张丽丽','31020333333333341114','138333333341114','邮寄地址51114','1983-12-04','mp＿o1a1_prof1',X'79681fe463f8f34fda5d8bebb59e61b6099c031cf2aa251116cd4bedbec59430f82a02868807315f66a75e408f4f106f65394dfa792413620f9f79ce3a2baef6');
INSERT INTO customers (uid, name, idcard_no, mobile, postal_addr, bday, ref_uid, pass_hash)  VALUES ('c＿o1a1p1_customer6','张晓丽','31020333333333341115','138333333341115','邮寄地址61115','1983-12-04','mp＿o1a1_prof1',X'79681fe463f8f34fda5d8bebb59e61b6099c031cf2aa251116cd4bedbec59430f82a02868807315f66a75e408f4f106f65394dfa792413620f9f79ce3a2baef6');

INSERT INTO med_profs (prof_id, name, idcard_no, mobile, org_agent_id, pass_hash)  VALUES ('mp＿o1a1_prof2','秦鑫','33020555555555555112','1375555555112','amp＿o1_agent1',X'f6b07b6c1340e947b861def5f8b092d8ee710826dc56bd175bdc8f3a16b0b8acf853c64786a710dedf9d1524d61e32504e27d60de159af110bc3941490731578');
INSERT INTO customers (uid, name, idcard_no, mobile, postal_addr, bday, ref_uid, pass_hash)  VALUES ('c＿o1a1p2_customer1','王晓东','31020302223133221120','138929291331120','邮寄地址11120','1983-02-05','mp＿o1a1_prof2',X'3c9909afec25354d551dae21590bb26e38d53f2173b8d3dc3eee4c047e7ab1c1eb8b85103e3be7ba613b31bb5c9c36214dc9f14a42fd7a2fdb84856bca5c44c2');
INSERT INTO customers (uid, name, idcard_no, mobile, postal_addr, bday, ref_uid, pass_hash)  VALUES ('c＿o1a1p2_customer2','王晓','310205555555555551121','13855555551121','邮寄地址21121','1983-02-05','mp＿o1a1_prof2',X'f6b07b6c1340e947b861def5f8b092d8ee710826dc56bd175bdc8f3a16b0b8acf853c64786a710dedf9d1524d61e32504e27d60de159af110bc3941490731578');

INSERT INTO med_profs (prof_id, name, idcard_no, mobile, org_agent_id, pass_hash)  VALUES ('mp＿o1a1_prof3','尤伟','33020555555555556113','1375555556113','amp＿o1_agent1',X'f6b07b6c1340e947b861def5f8b092d8ee710826dc56bd175bdc8f3a16b0b8acf853c64786a710dedf9d1524d61e32504e27d60de159af110bc3941490731578');
INSERT INTO customers (uid, name, idcard_no, mobile, postal_addr, bday, ref_uid, pass_hash)  VALUES ('c＿o1a1p3_customer1','赵晓东','31020302223133221130','138929291331130','邮寄地址11130','1983-02-05','mp＿o1a1_prof3',X'3c9909afec25354d551dae21590bb26e38d53f2173b8d3dc3eee4c047e7ab1c1eb8b85103e3be7ba613b31bb5c9c36214dc9f14a42fd7a2fdb84856bca5c44c2');
INSERT INTO customers (uid, name, idcard_no, mobile, postal_addr, bday, ref_uid, pass_hash)  VALUES ('c＿o1a1p3_customer2','赵晓','310205555555555551131','13855555551131','邮寄地址21131','1983-02-05','mp＿o1a1_prof3',X'f6b07b6c1340e947b861def5f8b092d8ee710826dc56bd175bdc8f3a16b0b8acf853c64786a710dedf9d1524d61e32504e27d60de159af110bc3941490731578');

INSERT INTO med_profs (prof_id, name, idcard_no, mobile, org_agent_id, pass_hash)  VALUES ('mp＿o1a1_prof4','许伟达','3302036666666666114','1376666666114','amp＿o1_agent1',X'e32ef19623e8ed9d267f657a81944b3d07adbb768518068e88435745564e8d4150a0a703be2a7d88b61e3d390c2bb97e2d4c311fdc69d6b1267f05f59aa920e7');


INSERT INTO med_profs (prof_id, name, idcard_no, mobile, org_agent_id, pass_hash)  VALUES ('mp＿o1a2_prof1','何卫东','3302030222313322121','13792929133121','amp＿o1_agent2',X'3c9909afec25354d551dae21590bb26e38d53f2173b8d3dc3eee4c047e7ab1c1eb8b85103e3be7ba613b31bb5c9c36214dc9f14a42fd7a2fdb84856bca5c44c2');
INSERT INTO customers (uid, name, idcard_no, mobile, postal_addr, bday, ref_uid, pass_hash)  VALUES ('c＿o1a2p1_customer1','孙晓东','31020302223133221210','138929291331210','邮寄地址11210','1983-02-05','mp＿o1a2_prof1',X'3c9909afec25354d551dae21590bb26e38d53f2173b8d3dc3eee4c047e7ab1c1eb8b85103e3be7ba613b31bb5c9c36214dc9f14a42fd7a2fdb84856bca5c44c2');
INSERT INTO customers (uid, name, idcard_no, mobile, postal_addr, bday, ref_uid, pass_hash)  VALUES ('c＿o1a2p1_customer2','孙晓','310205555555555551211','13855555551211','邮寄地址21211','1983-02-05','mp＿o1a2_prof1',X'f6b07b6c1340e947b861def5f8b092d8ee710826dc56bd175bdc8f3a16b0b8acf853c64786a710dedf9d1524d61e32504e27d60de159af110bc3941490731578');

INSERT INTO med_profs (prof_id, name, idcard_no, mobile, org_agent_id, pass_hash)  VALUES ('mp＿o1a2_prof2','吕鑫','33020555555555555122','1375555555122','amp＿o1_agent2',X'f6b07b6c1340e947b861def5f8b092d8ee710826dc56bd175bdc8f3a16b0b8acf853c64786a710dedf9d1524d61e32504e27d60de159af110bc3941490731578');
INSERT INTO customers (uid, name, idcard_no, mobile, postal_addr, bday, ref_uid, pass_hash)  VALUES ('c＿o1a2p2_customer1','李晓东','31020302223133221220','138929291331220','邮寄地址11220','1983-02-05','mp＿o1a2_prof2',X'3c9909afec25354d551dae21590bb26e38d53f2173b8d3dc3eee4c047e7ab1c1eb8b85103e3be7ba613b31bb5c9c36214dc9f14a42fd7a2fdb84856bca5c44c2');

INSERT INTO med_profs (prof_id, name, idcard_no, mobile, org_agent_id, pass_hash)  VALUES ('mp＿o1a3_prof1','施卫东','3302030222313322131','13792929133131','amp＿o1_agent3',X'3c9909afec25354d551dae21590bb26e38d53f2173b8d3dc3eee4c047e7ab1c1eb8b85103e3be7ba613b31bb5c9c36214dc9f14a42fd7a2fdb84856bca5c44c2');
INSERT INTO customers (uid, name, idcard_no, mobile, postal_addr, bday, ref_uid, pass_hash)  VALUES ('c＿o1a3p1_customer1','周晓东','31020302223133221310','138929291331310','邮寄地址11310','1983-02-05','mp＿o1a3_prof1',X'3c9909afec25354d551dae21590bb26e38d53f2173b8d3dc3eee4c047e7ab1c1eb8b85103e3be7ba613b31bb5c9c36214dc9f14a42fd7a2fdb84856bca5c44c2');
INSERT INTO customers (uid, name, idcard_no, mobile, postal_addr, bday, ref_uid, pass_hash)  VALUES ('c＿o1a3p1_customer2','周晓','310205555555555551311','13855555551311','邮寄地址21311','1983-02-05','mp＿o1a3_prof1',X'f6b07b6c1340e947b861def5f8b092d8ee710826dc56bd175bdc8f3a16b0b8acf853c64786a710dedf9d1524d61e32504e27d60de159af110bc3941490731578');

INSERT INTO med_profs (prof_id, name, idcard_no, mobile, org_agent_id, pass_hash)  VALUES ('mp＿o1a3_prof2','孔鑫','33020555555555555132','1375555555132','amp＿o1_agent3',X'f6b07b6c1340e947b861def5f8b092d8ee710826dc56bd175bdc8f3a16b0b8acf853c64786a710dedf9d1524d61e32504e27d60de159af110bc3941490731578');
INSERT INTO customers (uid, name, idcard_no, mobile, postal_addr, bday, ref_uid, pass_hash)  VALUES ('c＿o1a3p2_customer1','吴晓东','31020302223133221320','138929291331320','邮寄地址11320','1983-02-05','mp＿o1a3_prof2',X'3c9909afec25354d551dae21590bb26e38d53f2173b8d3dc3eee4c047e7ab1c1eb8b85103e3be7ba613b31bb5c9c36214dc9f14a42fd7a2fdb84856bca5c44c2');
INSERT INTO customers (uid, name, idcard_no, mobile, postal_addr, bday, ref_uid, pass_hash)  VALUES ('c＿o1a3p2_customer2','吴晓','310205555555555551321','13855555551321','邮寄地址21321','1983-02-05','mp＿o1a3_prof2',X'f6b07b6c1340e947b861def5f8b092d8ee710826dc56bd175bdc8f3a16b0b8acf853c64786a710dedf9d1524d61e32504e27d60de159af110bc3941490731578');

INSERT INTO med_profs (prof_id, name, idcard_no, mobile, org_agent_id, pass_hash)  VALUES ('mp＿o1a3_prof3','曹伟','33020555555555556133','1375555556133','amp＿o1_agent3',X'f6b07b6c1340e947b861def5f8b092d8ee710826dc56bd175bdc8f3a16b0b8acf853c64786a710dedf9d1524d61e32504e27d60de159af110bc3941490731578');
INSERT INTO customers (uid, name, idcard_no, mobile, postal_addr, bday, ref_uid, pass_hash)  VALUES ('c＿o1a3p3_customer1','郑晓东','31020302223133221330','138929291331330','邮寄地址11330','1983-02-05','mp＿o1a3_prof3',X'3c9909afec25354d551dae21590bb26e38d53f2173b8d3dc3eee4c047e7ab1c1eb8b85103e3be7ba613b31bb5c9c36214dc9f14a42fd7a2fdb84856bca5c44c2');

INSERT INTO med_profs (prof_id, name, idcard_no, mobile, org_agent_id, pass_hash)  VALUES ('mp＿o2a1_prof1','严卫东','3302030222313322211','13792929133211','amp＿o2_agent1',X'3c9909afec25354d551dae21590bb26e38d53f2173b8d3dc3eee4c047e7ab1c1eb8b85103e3be7ba613b31bb5c9c36214dc9f14a42fd7a2fdb84856bca5c44c2');
INSERT INTO customers (uid, name, idcard_no, mobile, postal_addr, bday, ref_uid, pass_hash)  VALUES ('c＿o2a1p1_customer1','冯晓东','31020302223133222110','138929291332110','邮寄地址12110','1983-02-05','mp＿o2a1_prof1',X'3c9909afec25354d551dae21590bb26e38d53f2173b8d3dc3eee4c047e7ab1c1eb8b85103e3be7ba613b31bb5c9c36214dc9f14a42fd7a2fdb84856bca5c44c2');
INSERT INTO customers (uid, name, idcard_no, mobile, postal_addr, bday, ref_uid, pass_hash)  VALUES ('c＿o2a1p1_customer2','冯晓','310205555555555552111','13855555552111','邮寄地址22111','1983-02-05','mp＿o2a1_prof1',X'f6b07b6c1340e947b861def5f8b092d8ee710826dc56bd175bdc8f3a16b0b8acf853c64786a710dedf9d1524d61e32504e27d60de159af110bc3941490731578');

INSERT INTO med_profs (prof_id, name, idcard_no, mobile, org_agent_id, pass_hash)  VALUES ('mp＿o2a1_prof2','华鑫','33020555555555555212','1375555555212','amp＿o2_agent1',X'f6b07b6c1340e947b861def5f8b092d8ee710826dc56bd175bdc8f3a16b0b8acf853c64786a710dedf9d1524d61e32504e27d60de159af110bc3941490731578');
INSERT INTO customers (uid, name, idcard_no, mobile, postal_addr, bday, ref_uid, pass_hash)  VALUES ('c＿o2a1p2_customer1','陈晓东','31020302223133222120','138929291332120','邮寄地址12120','1983-02-05','mp＿o2a1_prof2',X'3c9909afec25354d551dae21590bb26e38d53f2173b8d3dc3eee4c047e7ab1c1eb8b85103e3be7ba613b31bb5c9c36214dc9f14a42fd7a2fdb84856bca5c44c2');
INSERT INTO customers (uid, name, idcard_no, mobile, postal_addr, bday, ref_uid, pass_hash)  VALUES ('c＿o2a1p2_customer2','陈晓','310205555555555552121','13855555552121','邮寄地址22121','1983-02-05','mp＿o2a1_prof2',X'f6b07b6c1340e947b861def5f8b092d8ee710826dc56bd175bdc8f3a16b0b8acf853c64786a710dedf9d1524d61e32504e27d60de159af110bc3941490731578');

INSERT INTO med_profs (prof_id, name, idcard_no, mobile, org_agent_id, pass_hash)  VALUES ('mp＿o2a1_prof3','金伟','33020555555555556213','1375555556213','amp＿o2_agent1',X'f6b07b6c1340e947b861def5f8b092d8ee710826dc56bd175bdc8f3a16b0b8acf853c64786a710dedf9d1524d61e32504e27d60de159af110bc3941490731578');
INSERT INTO customers (uid, name, idcard_no, mobile, postal_addr, bday, ref_uid, pass_hash)  VALUES ('c＿o2a1p3_customer1','沈晓东','31020302223133222130','138929291332130','邮寄地址12130','1983-02-05','mp＿o2a1_prof3',X'3c9909afec25354d551dae21590bb26e38d53f2173b8d3dc3eee4c047e7ab1c1eb8b85103e3be7ba613b31bb5c9c36214dc9f14a42fd7a2fdb84856bca5c44c2');
INSERT INTO customers (uid, name, idcard_no, mobile, postal_addr, bday, ref_uid, pass_hash)  VALUES ('c＿o2a1p3_customer2','沈晓','310205555555555552131','13855555552131','邮寄地址22131','1983-02-05','mp＿o2a1_prof3',X'f6b07b6c1340e947b861def5f8b092d8ee710826dc56bd175bdc8f3a16b0b8acf853c64786a710dedf9d1524d61e32504e27d60de159af110bc3941490731578');

INSERT INTO med_profs (prof_id, name, idcard_no, mobile, org_agent_id, pass_hash)  VALUES ('mp＿o2a2_prof1','魏卫东','3302030222313322221','13792929133221','amp＿o2_agent2',X'3c9909afec25354d551dae21590bb26e38d53f2173b8d3dc3eee4c047e7ab1c1eb8b85103e3be7ba613b31bb5c9c36214dc9f14a42fd7a2fdb84856bca5c44c2');
INSERT INTO customers (uid, name, idcard_no, mobile, postal_addr, bday, ref_uid, pass_hash)  VALUES ('c＿o2a2p1_customer1','韩晓东','31020302223133222210','138929291332210','邮寄地址12210','1983-02-05','mp＿o2a2_prof1',X'3c9909afec25354d551dae21590bb26e38d53f2173b8d3dc3eee4c047e7ab1c1eb8b85103e3be7ba613b31bb5c9c36214dc9f14a42fd7a2fdb84856bca5c44c2');
INSERT INTO customers (uid, name, idcard_no, mobile, postal_addr, bday, ref_uid, pass_hash)  VALUES ('c＿o2a2p1_customer2','韩晓','310205555555555552211','13855555552211','邮寄地址22211','1983-02-05','mp＿o2a2_prof1',X'f6b07b6c1340e947b861def5f8b092d8ee710826dc56bd175bdc8f3a16b0b8acf853c64786a710dedf9d1524d61e32504e27d60de159af110bc3941490731578');

INSERT INTO med_profs (prof_id, name, idcard_no, mobile, org_agent_id, pass_hash)  VALUES ('mp＿o3a1_prof1','陶卫东','3302030222313322311','13792929133311','amp＿o3_agent1',X'3c9909afec25354d551dae21590bb26e38d53f2173b8d3dc3eee4c047e7ab1c1eb8b85103e3be7ba613b31bb5c9c36214dc9f14a42fd7a2fdb84856bca5c44c2');


INSERT INTO med_profs (prof_id, name, idcard_no, mobile, org_agent_id, pass_hash)  VALUES ('mp＿o3a1_prof2','姜鑫','33020555555555555312','1375555555312','amp＿o3_agent1',X'f6b07b6c1340e947b861def5f8b092d8ee710826dc56bd175bdc8f3a16b0b8acf853c64786a710dedf9d1524d61e32504e27d60de159af110bc3941490731578');
